Source,Title,Description,Published_Date,URL,Text,Polarity,Sentiment_Label
9to5Mac,"Apple releases watchOS 26 beta 3, here’s what to expect","Apple has released watchOS 26 beta 3 for developers, and it’s likely to include changes directly related to user feedback from earlier betas.",2025-07-07 17:13:13+00:00,https://9to5mac.com/2025/07/07/apple-releases-watchos-26-beta-3-heres-what-to-expect/,"Apple releases watchOS 26 beta 3, here’s what to expect. Apple has released watchOS 26 beta 3 for developers, and it’s likely to include changes directly related to user feedback from earlier betas.",0.0,Neutral
GlobeNewswire,National Music Centre Launches Exhibition Honouring Centenary of Global Jazz Icon Oscar Peterson,"On July 16, National Music Centre will unveil Timeless: 100 years of Oscar Peterson, celebrating the life, music, and legacy of the late jazz great.......",2025-07-07 17:13:00+00:00,https://www.globenewswire.com/news-release/2025/07/07/3111241/0/en/National-Music-Centre-Launches-Exhibition-Honouring-Centenary-of-Global-Jazz-Icon-Oscar-Peterson.html,"National Music Centre Launches Exhibition Honouring Centenary of Global Jazz Icon Oscar Peterson. On July 16, National Music Centre will unveil Timeless: 100 years of Oscar Peterson, celebrating the life, music, and legacy of the late jazz great.......",0.16666666666666666,Promising
Dazed,Lana del Rey is our First Lady,We went to see the singer at London’s Wembley Stadium and found ourselves asking: is she the greatest living woman?,2025-07-07 17:13:00+00:00,https://www.dazeddigital.com/music/article/68198/1/lana-del-rey-is-100-a-class-act-stunning-first-lady?utm_source=Link&utm_medium=Link&utm_campaign=RSSFeed&utm_term=lana-del-rey-is-our-first-lady,Lana del Rey is our First Lady. We went to see the singer at London’s Wembley Stadium and found ourselves asking: is she the greatest living woman?,0.625,Promising
KicksOnFire.com,Puma Carina 2.0 Girlpower Wmns White / Silver Mist,"The Puma Carina 2.0 Girlpower WMNS in White and Silver Mist is a stylish and contemporary sneaker designed specifically for women who appreciate both fashion and comfort. This model draws inspiration from the casual look of 1980s California beach towns, blend…",2025-07-07 17:13:00+00:00,https://www.kicksonfire.com/puma-carina-2-0-girlpower-wmns-white-silver-mist,"Puma Carina 2.0 Girlpower Wmns White / Silver Mist. The Puma Carina 2.0 Girlpower WMNS in White and Silver Mist is a stylish and contemporary sneaker designed specifically for women who appreciate both fashion and comfort. This model draws inspiration from the casual look of 1980s California beach towns, blend…",0.033333333333333326,Neutral
Hot Hardware,Porsche 911 Club Debuts As A Members-Only Collectible 70 Years In The Making,"Porsche just pulled the wraps off the 2026 Porsche 911 Club Coupe to commemorate the 70th anniversary of the Porsche Club of America (PCA). This limited-production sexy, sport coupe, based on the purist-focused 911 Carrera T pays homage to Porsche enthusiasts…",2025-07-07 17:13:00+00:00,https://hothardware.com/news/porsche-911-club-debuts-as-a-members-only-collectible,"Porsche 911 Club Debuts As A Members-Only Collectible 70 Years In The Making. Porsche just pulled the wraps off the 2026 Porsche 911 Club Coupe to commemorate the 70th anniversary of the Porsche Club of America (PCA). This limited-production sexy, sport coupe, based on the purist-focused 911 Carrera T pays homage to Porsche enthusiasts…",0.0,Neutral
BBC News,Former Arsenal sporting director Edu joins Forest,Former Arsenal sporting director Edu joins Nottingham Forest in a newly established global head of football role.,2025-07-07 17:12:58+00:00,https://www.bbc.com/sport/football/articles/c24v698en8vo,Former Arsenal sporting director Edu joins Forest. Former Arsenal sporting director Edu joins Nottingham Forest in a newly established global head of football role.,0.03409090909090909,Neutral
Sporting News,Former rivals place heavy bet on Katie Taylor-Amanda Serrano,"Rivals-turned-bettors, Jake Paul and Mike Tyson, have placed a wager on the upcoming women's championship match between Katie Taylor and Amanda Serrano.",2025-07-07 17:12:53+00:00,https://www.sportingnews.com/us/boxing/news/former-rivals-place-heavy-bet-katie-taylor-amanda-serrano/c03c6bcef5938849ea693513,"Former rivals place heavy bet on Katie Taylor-Amanda Serrano. Rivals-turned-bettors, Jake Paul and Mike Tyson, have placed a wager on the upcoming women's championship match between Katie Taylor and Amanda Serrano.",-0.1,Neutral
Disneytouristblog.com,"Tom Sawyer Island, Liberty Square Riverboat & Frontierland Station Now Closed.","The Rivers of America, Tom Sawyer Island, and the Liberty Square Riverboat are all now permanently closed at Walt Disney World, with Frontierland Station temporarily closed. This comes as Imagineering begins demolition and construction of the Cars and Villain…",2025-07-07 17:12:48+00:00,https://www.disneytouristblog.com/tom-sawyer-island-liberty-square-riverboat-frontierland-station-now-closed/,"Tom Sawyer Island, Liberty Square Riverboat & Frontierland Station Now Closed.. The Rivers of America, Tom Sawyer Island, and the Liberty Square Riverboat are all now permanently closed at Walt Disney World, with Frontierland Station temporarily closed. This comes as Imagineering begins demolition and construction of the Cars and Villain…",-0.10000000000000002,At Risk
Sporting News,Nation's longest actively tenured athletic director at one school to announce his retirement,Castiglione has been Oklahoma's AD for nearly 30 years,2025-07-07 17:12:48+00:00,https://www.sportingnews.com/us/college/news/nations-longest-actively-tenured-athletic-director-one-school-announce-his-retirement/31f49f95f33b2a66832be10a,Nation's longest actively tenured athletic director at one school to announce his retirement. Castiglione has been Oklahoma's AD for nearly 30 years,-0.016666666666666663,Neutral
Gamingonlinux.com,shapez 2 is aiming for the 1.0 update in November with a new game mode,"shapez 2 is a wonderfully chilled factory building sim that recently had a huge upgrade, and hopefully in November it will be ready for the full release..Read the full article on GamingOnLinux.",2025-07-07 17:12:42+00:00,https://www.gamingonlinux.com/2025/07/shapez-2-is-aiming-for-the-1-0-update-in-november-with-a-new-game-mode/.,"shapez 2 is aiming for the 1.0 update in November with a new game mode. shapez 2 is a wonderfully chilled factory building sim that recently had a huge upgrade, and hopefully in November it will be ready for the full release..Read the full article on GamingOnLinux.",0.2545454545454545,Promising
TidBITS,Fantastical 4.0.16 and Cardhop 2.3.7,"Maintenance updates for the bundled calendar and contacts apps. ($56.99 annual subscription new, free update, various sizes, macOS 12+)",2025-07-07 17:12:39+00:00,https://tidbits.com/watchlist/fantastical-4-0-16-cardhop-2-3-7/,"Fantastical 4.0.16 and Cardhop 2.3.7. Maintenance updates for the bundled calendar and contacts apps. ($56.99 annual subscription new, free update, various sizes, macOS 12+)",0.1787878787878788,Promising
KicksOnFire.com,Puma Vikky V3 Metallic Shine Wmns White / Gold,"The Puma Vikky V3 Metallic Shine WMNS in White and Gold is a stylish sneaker designed to combine comfort with contemporary flair. This women's shoe features a classic low-top silhouette crafted from premium synthetic leather, providing both durability and a c…",2025-07-07 17:12:31+00:00,https://www.kicksonfire.com/puma-vikky-v3-metallic-shine-wmns-white-gold,"Puma Vikky V3 Metallic Shine Wmns White / Gold. The Puma Vikky V3 Metallic Shine WMNS in White and Gold is a stylish sneaker designed to combine comfort with contemporary flair. This women's shoe features a classic low-top silhouette crafted from premium synthetic leather, providing both durability and a c…",0.16666666666666666,Promising
Marca,"Kamilla Cardoso's message to Angel Reese and the Sky after Sunday's loss: ""Our faith must be greater""","Kamilla Cardoso is ready to rise again-and her emotional message is resonating with fans across two continents.

The Chicago Sky are still searching for their rhythm in the 2025 WN",2025-07-07 17:12:23+00:00,https://www.marca.com/en/basketball/wnba/chicago-sky/2025/07/07/686bfd41ca47419d028b4589.html,"Kamilla Cardoso's message to Angel Reese and the Sky after Sunday's loss: ""Our faith must be greater"". Kamilla Cardoso is ready to rise again-and her emotional message is resonating with fans across two continents.

The Chicago Sky are still searching for their rhythm in the 2025 WN",0.2333333333333333,Promising
The Cut,Looks Like Rachel Zegler Has a New Guy,Rachel Zegler was spotted kissing her ‘Evita’ castmate Nathan Louis-Fernand at a Sabrina Carpenter concert in London this past weekend. And you know what? Good for her.,2025-07-07 17:12:23+00:00,http://www.thecut.com/article/who-is-rachel-zegler-boyfriend-nathan-louis-fernand.html,Looks Like Rachel Zegler Has a New Guy. Rachel Zegler was spotted kissing her ‘Evita’ castmate Nathan Louis-Fernand at a Sabrina Carpenter concert in London this past weekend. And you know what? Good for her.,0.19545454545454544,Promising
BBC News,US justice department finds no Epstein 'client list',An official memo also says that the disgraced financier did take his own life - contradicting conspiracy theories.,2025-07-07 17:12:14+00:00,https://www.bbc.com/news/articles/cm2m879neljo,US justice department finds no Epstein 'client list'. An official memo also says that the disgraced financier did take his own life - contradicting conspiracy theories.,0.6,Promising
BBC News,US justice department finds no Jeffrey Epstein 'client list',An official memo also says that the disgraced financier did take his own life - contradicting conspiracy theories.,2025-07-07 17:12:14+00:00,https://www.bbc.co.uk/news/articles/cm2m879neljo,US justice department finds no Jeffrey Epstein 'client list'. An official memo also says that the disgraced financier did take his own life - contradicting conspiracy theories.,0.6,Promising
TheJournal.ie,Teenager who murdered man with knife he bought for self protection jailed for 13 years,The youth is not subject to a mandatory life sentence due to his age at the time of the offence.,2025-07-07 17:12:14+00:00,https://www.thejournal.ie/teenager-murdered-man-dublin-6756028-Jul2025/,Teenager who murdered man with knife he bought for self protection jailed for 13 years. The youth is not subject to a mandatory life sentence due to his age at the time of the offence.,-0.020833333333333336,Neutral
Llmstxtvalidator.dev,Show HN: Llms.txt Validator,"I built a free validator for llms.txt and llms-full.txt files.Paste your content or check a live URL.
Shows errors like missing headers, malformed links, or duplicates.

Comments URL: https://news.ycombinator.com/item?id=44492455
Points: 1
# Comments: 0",2025-07-07 17:12:10+00:00,https://llmstxtvalidator.dev/,"Show HN: Llms.txt Validator. I built a free validator for llms.txt and llms-full.txt files.Paste your content or check a live URL.
Shows errors like missing headers, malformed links, or duplicates.

Comments URL: https://news.ycombinator.com/item?id=44492455
Points: 1
# Comments: 0",0.11212121212121212,Promising
KicksOnFire.com,Puma Court Classic White / Vine,"The Puma Court Classic in White / Vine is a stylish and versatile sneaker that embodies the brand’s commitment to timeless design and everyday comfort. Its crisp white leather upper is complemented by subtle “Vine” green accents, most notably featured on the …",2025-07-07 17:12:02+00:00,https://www.kicksonfire.com/puma-court-classic-white-vine,"Puma Court Classic White / Vine. The Puma Court Classic in White / Vine is a stylish and versatile sneaker that embodies the brand’s commitment to timeless design and everyday comfort. Its crisp white leather upper is complemented by subtle “Vine” green accents, most notably featured on the …",0.10384615384615385,Promising
Newsweek,'Fantastic Four' Headquarters Listed on Zillow,The Fantastic Four's iconic HQ is on Zillow.,2025-07-07 17:11:59+00:00,https://www.newsweek.com/entertainment/comics/fantastic-four-headquarters-listed-zillow-2095575,'Fantastic Four' Headquarters Listed on Zillow. The Fantastic Four's iconic HQ is on Zillow.,0.43333333333333335,Promising
UPROXX,Lana Del Rey Welcomed Addison Rae To Perform ‘Diet Pepsi’ With Her Twice In London,"Getty Image

Rae also performed her own opening set.",2025-07-07 17:11:56+00:00,https://uproxx.com/music/lana-del-rey-addison-rae-diet-pepsi-video/,"Lana Del Rey Welcomed Addison Rae To Perform ‘Diet Pepsi’ With Her Twice In London. Getty Image

Rae also performed her own opening set.",0.6,Promising
Billboard,BLACKPINK's 'JUMP' Video Teaser Drops After Song's Live Debut on Tour,"BLACKPINK's ""JUMP"" music video teaser has dropped shortly after the girl group gave the song its live debut on the DEADLINE World Tour.",2025-07-07 17:11:51+00:00,http://www.billboard.com/music/music-news/blackpink-jump-video-teaser-live-debut-tour-1236015014/,"BLACKPINK's 'JUMP' Video Teaser Drops After Song's Live Debut on Tour. BLACKPINK's ""JUMP"" music video teaser has dropped shortly after the girl group gave the song its live debut on the DEADLINE World Tour.",0.0909090909090909,Neutral
Freerepublic.com,Active Shooter Killed After Trying to Ambush Border Patrol Agents,"An active shooter reportedly tried to kill Border Patrol agents near an annex facility in McAllen, TX. Three law enforcement sources told Fox News’ Bill Melugin that the gunman attempted to ambush Border Patrol agents as they arrived at the facility. “Local p…",2025-07-07 17:11:47+00:00,https://freerepublic.com/focus/f-chat/4327309/posts,"Active Shooter Killed After Trying to Ambush Border Patrol Agents. An active shooter reportedly tried to kill Border Patrol agents near an annex facility in McAllen, TX. Three law enforcement sources told Fox News’ Bill Melugin that the gunman attempted to ambush Border Patrol agents as they arrived at the facility. “Local p…",-0.07333333333333333,Neutral
Statetimes.in,Indian Army pays tribute to Kargil hero Captain Vikram Batra,"CHANDIGARH: The Indian Army Monday paid its tribute to 1999 Kargil War hero Captain Vikram Batra at DAV College here. Captain Batra martyred in combat during Operation Vijay on July 7, 1999. He was posthumously honoured with Param Vir Chakra. An event began w…",2025-07-07 17:11:45+00:00,https://statetimes.in/indian-army-pays-tribute-to-kargil-hero-captain-vikram-batra/,"Indian Army pays tribute to Kargil hero Captain Vikram Batra. CHANDIGARH: The Indian Army Monday paid its tribute to 1999 Kargil War hero Captain Vikram Batra at DAV College here. Captain Batra martyred in combat during Operation Vijay on July 7, 1999. He was posthumously honoured with Param Vir Chakra. An event began w…",0.0,Neutral
The FADER,t.A.T.u.’s Julia Volkova apologizes for homophobic statements after announcing comeback,"After announcing a 2025 comeback, t.A.T.u. member Julia Volkova has apologized for  ""homophobic statements"" she made during a TV appearance from 2014.",2025-07-07 17:11:38+00:00,https://www.thefader.com/2025/07/07/julia-volkova-tatu-apology-lgbt-homophobic-statements,"t.A.T.u.’s Julia Volkova apologizes for homophobic statements after announcing comeback. After announcing a 2025 comeback, t.A.T.u. member Julia Volkova has apologized for  ""homophobic statements"" she made during a TV appearance from 2014.",0.0,Neutral
CBS Sports,Here's the math and data that prove why the NCAA Tournament doesn't need to expand,Matt Norlander busts the biggest myth regarding tourney expansion and lays out the stakes for a historic week in college athletics,2025-07-07 17:11:36+00:00,https://www.cbssports.com/college-basketball/news/heres-the-math-and-data-that-prove-why-the-ncaa-tournament-doesnt-need-to-expand/,Here's the math and data that prove why the NCAA Tournament doesn't need to expand. Matt Norlander busts the biggest myth regarding tourney expansion and lays out the stakes for a historic week in college athletics,0.0,Neutral
Rolling Stone,Kneecap Don’t Back Down in New Video for ‘The Recap’,"Kneecap have released a new video for their single, 'The Recap,' which doubles down on their support of Palestinians.",2025-07-07 17:11:26+00:00,http://www.rollingstone.com/music/music-news/kneecap-the-recap-video-1235379653/,"Kneecap Don’t Back Down in New Video for ‘The Recap’. Kneecap have released a new video for their single, 'The Recap,' which doubles down on their support of Palestinians.",-0.018302068302068306,Neutral
KicksOnFire.com,Puma Carina 2.0 Lux Wmns White / Pale Plum,"The Puma Carina 2.0 Lux WMNS in White and Pale Plum is a stylish sneaker designed especially for women who appreciate both comfort and contemporary fashion. Its upper features a crisp white synthetic leather, delivering a clean and modern look suitable for ev…",2025-07-07 17:11:25+00:00,https://www.kicksonfire.com/puma-carina-2-0-lux-wmns-white-pale-plum,"Puma Carina 2.0 Lux Wmns White / Pale Plum. The Puma Carina 2.0 Lux WMNS in White and Pale Plum is a stylish sneaker designed especially for women who appreciate both comfort and contemporary fashion. Its upper features a crisp white synthetic leather, delivering a clean and modern look suitable for ev…",0.12410256410256412,Promising
Newsbreak.com,Trump lies as GOP protects their stocks while ripping health care from 17 million Americans - NewsBreak,Trump lies as GOP protects their stocks while ripping health care from 17 million Americans - NewsBreaknewsbreak.com,2025-07-07 17:11:23+00:00,https://www.newsbreak.com/share/4090926780672-trump-lies-as-gop-protects-their-stocks-while-ripping-health-care-from-17-million-americans?_f=app_share&amp;pd=0LZapAtY&amp;lang=en_US&amp;send_time=1751908172&amp;trans_data=%7B%22platform%22%3A0%2C%22cv%22%3A%2225.27.0.36%22%2C%22languages%22%3A%22en%22%7D&amp;sep=ns_foryou_model_exp_25q2_v2-v9%2Cns_foryou_rank_exp_25q2-v5%2Cns_foryou_recall_exp_25q3-v9%2Cns_foryou_blend_exp_25q2-v9&amp;s=i2,Trump lies as GOP protects their stocks while ripping health care from 17 million Americans - NewsBreak. Trump lies as GOP protects their stocks while ripping health care from 17 million Americans - NewsBreaknewsbreak.com,0.0,Neutral
Advocate.com,Idaho Attorney General tells schools to ban 'Everyone is Welcome Here' signs,"It seems not everyone is welcome in Idaho after the state's attorney general ordered schools to prohibit signs that read “Everyone is Welcome Here"" under a new state law.",2025-07-07 17:11:22+00:00,https://www.advocate.com/politics/idaho-everyone-is-welcome-signs,"Idaho Attorney General tells schools to ban 'Everyone is Welcome Here' signs. It seems not everyone is welcome in Idaho after the state's attorney general ordered schools to prohibit signs that read “Everyone is Welcome Here"" under a new state law.",0.4393939393939394,Promising
Fox News,Border czar Homan demands Democrats stop comparing ICE to 'Nazis' after officer shot by detention facility,Trump border czar Tom Homan connected Democratic politicians' anti-ICE rhetoric to violence against immigration officers after a Texas officer was shot.,2025-07-07 17:11:16+00:00,https://www.foxnews.com/media/border-czar-homan-demands-democrats-stop-comparing-ice-nazis-after-officer-shot-detention-facility,Border czar Homan demands Democrats stop comparing ICE to 'Nazis' after officer shot by detention facility. Trump border czar Tom Homan connected Democratic politicians' anti-ICE rhetoric to violence against immigration officers after a Texas officer was shot.,0.0,Neutral
The Irish Times,Legal challenge to ‘super junior’ ministers seeks judges’ intervention in inner workings of Government - AG,Sinn Féin’s Pa Daly taking constitutional challenge over Government’s Cabinet,2025-07-07 17:11:13+00:00,https://www.irishtimes.com/crime-law/courts/2025/07/07/no-legal-basis-for-ministers-of-state-attending-cabinet-high-court-hears/,Legal challenge to ‘super junior’ ministers seeks judges’ intervention in inner workings of Government - AG. Sinn Féin’s Pa Daly taking constitutional challenge over Government’s Cabinet,0.17777777777777778,Promising
MacRumors,Apple Seeds Third Beta of macOS Tahoe to Developers,"Apple today provided developers with the third beta of macOS Tahoe 26 for testing purposes, with the update coming two weeks after the second beta.





Registered developers can download the new beta software through the System Settings app.



macOS Tahoe f…",2025-07-07 17:11:08+00:00,https://www.macrumors.com/2025/07/07/apple-seeds-macos-tahoe-beta-3/,"Apple Seeds Third Beta of macOS Tahoe to Developers. Apple today provided developers with the third beta of macOS Tahoe 26 for testing purposes, with the update coming two weeks after the second beta.





Registered developers can download the new beta software through the System Settings app.



macOS Tahoe f…",0.03409090909090909,Neutral
Trendhunter.com,Advanced Hair Health Solutions - KeraFactor Unveils The KeraFlex Duo for Hair Rejuvenation (TrendHunter.com),"(TrendHunter.com) 'KeraFlex Duo,' the latest innovation from hair health leader KeraFactor®, introduces a powerful dual-wavelength laser cap that redefines at-home hair rejuvenation. Combining 650nm and 808nm...",2025-07-07 17:11:05+00:00,https://www.trendhunter.com/trends/keraflex-duo,"Advanced Hair Health Solutions - KeraFactor Unveils The KeraFlex Duo for Hair Rejuvenation (TrendHunter.com). (TrendHunter.com) 'KeraFlex Duo,' the latest innovation from hair health leader KeraFactor®, introduces a powerful dual-wavelength laser cap that redefines at-home hair rejuvenation. Combining 650nm and 808nm...",0.39999999999999997,Promising
Business Insider,These 3 'pain trades' could catch investors off guard in the 2nd half of the year,"The US stock market looks like it has all the ingredients for its ""melt-up"" to continue, HSBC strategists said.",2025-07-07 17:11:03+00:00,https://www.businessinsider.com/stock-market-us-vs-international-stocks-tariffs-dollar-recession-oulook-2025-7,"These 3 'pain trades' could catch investors off guard in the 2nd half of the year. The US stock market looks like it has all the ingredients for its ""melt-up"" to continue, HSBC strategists said.",-0.08333333333333333,Neutral
ZDNet,"This mid-range Acer laptop is my go-to for work travel, and it's on sale",The Acer Swift Go 14 (2024) is an ultraportable with a touch-activated playback menu on the trackpad that I've come to appreciate.,2025-07-07 17:11:00+00:00,https://www.zdnet.com/article/this-mid-range-acer-laptop-is-my-go-to-for-work-travel-and-its-on-sale/,"This mid-range Acer laptop is my go-to for work travel, and it's on sale. The Acer Swift Go 14 (2024) is an ultraportable with a touch-activated playback menu on the trackpad that I've come to appreciate.",0.0,Neutral
Expose-news.com,Austrian government admits that their covid policies caused mental health problems and tripled suicidal thoughts in children - The Expose,Freedom Party (FPÖ) Members of the Austrian Parliament have submitted 827 parliamentary written questions to the government regarding the covid pandemic and its management. The first answers to these written questions have been received. “The Government admit…,2025-07-07 17:10:47+00:00,https://expose-news.com/2025/07/07/covid-policies-tripled-suicidal-thoughts-in-children/,Austrian government admits that their covid policies caused mental health problems and tripled suicidal thoughts in children - The Expose. Freedom Party (FPÖ) Members of the Austrian Parliament have submitted 827 parliamentary written questions to the government regarding the covid pandemic and its management. The first answers to these written questions have been received. “The Government admit…,0.075,Neutral
redmondpie.com,"Download: iOS 26 Beta 3 OTA Profile, IPSW Links Out Now","Looking to download the latest iOS 26 beta 3 OTA profile file update and IPSW links? Here’s how to install Apple’s latest developer beta on your iPhone.
The post Download: iOS 26 Beta 3 OTA Profile, IPSW Links Out Now first appeared on Redmond Pie.",2025-07-07 17:10:42+00:00,https://www.redmondpie.com/download-ios-26-beta-3-ota-profile-ipsw-links-out-now/,"Download: iOS 26 Beta 3 OTA Profile, IPSW Links Out Now. Looking to download the latest iOS 26 beta 3 OTA profile file update and IPSW links? Here’s how to install Apple’s latest developer beta on your iPhone.
The post Download: iOS 26 Beta 3 OTA Profile, IPSW Links Out Now first appeared on Redmond Pie.",0.4166666666666667,Promising
KicksOnFire.com,Puma Carina 2.0 Lux Wmns White / Frosted Dew,"The Puma Carina 2.0 Lux WMNS in White and Frosted Dew is a modern update to Puma’s popular Carina line, designed specifically for women who appreciate a blend of vintage inspiration with contemporary comfort. The sneaker’s silhouette is influenced by classic …",2025-07-07 17:10:40+00:00,https://www.kicksonfire.com/puma-carina-2-0-lux-wmns-white-frosted-dew,"Puma Carina 2.0 Lux Wmns White / Frosted Dew. The Puma Carina 2.0 Lux WMNS in White and Frosted Dew is a modern update to Puma’s popular Carina line, designed specifically for women who appreciate a blend of vintage inspiration with contemporary comfort. The sneaker’s silhouette is influenced by classic …",0.18888888888888888,Promising
MacRumors,Apple Seeds Third Developer Betas of iOS 26 and iPadOS 26,"Apple today provided developers with the third betas of iOS 26 and iPadOS 26 for testing purposes, with the updates coming two weeks after Apple seeded the second betas.





Registered developers can download the new beta software using the Software Update s…",2025-07-07 17:10:40+00:00,https://www.macrumors.com/2025/07/07/apple-seeds-ios-26-beta-3/,"Apple Seeds Third Developer Betas of iOS 26 and iPadOS 26. Apple today provided developers with the third betas of iOS 26 and iPadOS 26 for testing purposes, with the updates coming two weeks after Apple seeded the second betas.





Registered developers can download the new beta software using the Software Update s…",0.03409090909090909,Neutral
Luxurydaily.com,"Burberry, The BRIT School honor emerging talent",British fashion house Burberry is putting a spotlight on the United Kingdom’s next generation of designers.,2025-07-07 17:10:38+00:00,https://www.luxurydaily.com/burberry-the-brit-school-honor-emerging-talent/,"Burberry, The BRIT School honor emerging talent. British fashion house Burberry is putting a spotlight on the United Kingdom’s next generation of designers.",0.0,Neutral
fox26houston.com,Houston man discovers Barostim procedure to save mother from heart transplant,"Thelma Haggard faced the possibility of a heart transplant due to severe heart failure, but her son, Billy Wilson, began researching alternative treatments and learned about the Barostim procedure.",2025-07-07 17:10:36+00:00,https://www.fox26houston.com/morning-show/houston-man-barostim-procedure-thelma-haggard-heart-transplant,"Houston man discovers Barostim procedure to save mother from heart transplant. Thelma Haggard faced the possibility of a heart transplant due to severe heart failure, but her son, Billy Wilson, began researching alternative treatments and learned about the Barostim procedure.",-0.22083333333333333,At Risk
9to5Mac,Apple releases developer beta 3 for visionOS 26,"Alongside the new macOS 26 developer beta 3, Apple has also pushed out the third developer beta of visionOS 26, and the rest of its operating systems.



 more…",2025-07-07 17:10:25+00:00,https://9to5mac.com/2025/07/07/apple-releases-developer-beta-3-for-visionos-26/,"Apple releases developer beta 3 for visionOS 26. Alongside the new macOS 26 developer beta 3, Apple has also pushed out the third developer beta of visionOS 26, and the rest of its operating systems.



 more…",0.06818181818181818,Neutral
Rlsbb.ru,Hell Motel S01E05 720p AMZN WEB-DL H264-RAWR,"Season 1, Episode 05 – ""Jailbait""The guests grow more suspicious when the driver that brought them there days earlier shows up at their doorstep. His presence causes a rift between the men and women, leading to a violent outburst with devastating consequences…",2025-07-07 17:10:24+00:00,https://post.rlsbb.ru/hell-motel-s01e05-720p-amzn-web-dl-h264-rawr/,"Hell Motel S01E05 720p AMZN WEB-DL H264-RAWR. Season 1, Episode 05 – ""Jailbait""The guests grow more suspicious when the driver that brought them there days earlier shows up at their doorstep. His presence causes a rift between the men and women, leading to a violent outburst with devastating consequences…",-0.325,At Risk
SB Nation,"MLB All-Star player voting results are in for 2025, and they’re surprising",Here’s the player voting results for the 2025 MLB All-Star Game.,2025-07-07 17:10:15+00:00,https://www.sbnation.com/mlb/2025/7/7/24463143/mlb-all-star-player-voting-results-2025-pitchers-reserve-hitters,"MLB All-Star player voting results are in for 2025, and they’re surprising. Here’s the player voting results for the 2025 MLB All-Star Game.",0.14999999999999997,Promising
Gizmodo.com,"Dyson V15 Plus Cordless Vacuum Hits an All-Time Low for Amazon Prime Day, Beating Last Year’s Event Price",It's time you level up your vacuum game and keep your house cleaner with this can't miss prime day deal.,2025-07-07 17:10:15+00:00,https://gizmodo.com/dyson-v15-plus-cordless-vacuum-hits-an-all-time-low-for-amazon-prime-day-beating-last-years-event-price-2000624389,"Dyson V15 Plus Cordless Vacuum Hits an All-Time Low for Amazon Prime Day, Beating Last Year’s Event Price. It's time you level up your vacuum game and keep your house cleaner with this can't miss prime day deal.",-0.08333333333333334,Neutral
Hollywood Life,Why Is Matt Cameron Leaving Pearl Jam? The Real Reason Behind His Exit,"The longtime drummer of the famous rock band announced his departure in July 2025, so what is his reason for leaving? Get updates on everything we know about it here.",2025-07-07 17:10:12+00:00,https://hollywoodlife.com/feature/why-is-matt-cameron-leaving-pearl-jam-5426407/,"Why Is Matt Cameron Leaving Pearl Jam? The Real Reason Behind His Exit. The longtime drummer of the famous rock band announced his departure in July 2025, so what is his reason for leaving? Get updates on everything we know about it here.",0.09999999999999999,Neutral
Cult of Mac,Save 25% on over-the-air DVR that finally lets you cut cable,"Grab a deal on a Tablo and record your favorite shows off broadcast TV, with no subscription fees necessary. No more cable bills!
(via Cult of Mac - Your source for the latest Apple news, rumors, analysis, reviews, how-tos and deals.)",2025-07-07 17:10:11+00:00,https://www.cultofmac.com/deals/tablo-tv-deal,"Save 25% on over-the-air DVR that finally lets you cut cable. Grab a deal on a Tablo and record your favorite shows off broadcast TV, with no subscription fees necessary. No more cable bills!
(via Cult of Mac - Your source for the latest Apple news, rumors, analysis, reviews, how-tos and deals.)",0.1375,Promising
Everydaysociologyblog.com,"Humans, Dogs, and Social Interaction","By Lisa Smith When I hear someone refer to their dog as a “fur baby” I cringe. Apparently, I’m not alone. I recently came across a reddit thread titled r/Dog-free, where someone posted, “There is no such thing as a...",2025-07-07 17:10:10+00:00,https://www.everydaysociologyblog.com/2025/07/humans-dogs-and-social-interaction.html,"Humans, Dogs, and Social Interaction. By Lisa Smith When I hear someone refer to their dog as a “fur baby” I cringe. Apparently, I’m not alone. I recently came across a reddit thread titled r/Dog-free, where someone posted, “There is no such thing as a...",0.002083333333333333,Neutral
allears.net,FIRST LOOK: CHANGES Hit Walt Disney World Railroad,"There has been a BIG change in Magic Kingdom! 
The post FIRST LOOK: CHANGES Hit Walt Disney World Railroad appeared first on AllEars.Net.",2025-07-07 17:10:08+00:00,https://allears.net/2025/07/07/first-look-changes-hit-walt-disney-world-railroad/,"FIRST LOOK: CHANGES Hit Walt Disney World Railroad. There has been a BIG change in Magic Kingdom! 
The post FIRST LOOK: CHANGES Hit Walt Disney World Railroad appeared first on AllEars.Net.",0.275,Promising
KicksOnFire.com,Puma Cilia Wedge Wmns White / Khaki,"The Puma Cilia Wedge WMNS in White and Khaki is a stylish and contemporary footwear option designed specifically for women. This sneaker combines the comfort of a cushioned running shoe with the elevated silhouette of a wedge, giving wearers added height with…",2025-07-07 17:10:05+00:00,https://www.kicksonfire.com/puma-cilia-wedge-wmns-white-khaki,"Puma Cilia Wedge Wmns White / Khaki. The Puma Cilia Wedge WMNS in White and Khaki is a stylish and contemporary footwear option designed specifically for women. This sneaker combines the comfort of a cushioned running shoe with the elevated silhouette of a wedge, giving wearers added height with…",0.16666666666666666,Promising
ABC News,Gangs in Haiti burn beloved Gothic gingerbread hotel that rose to international fame,Haiti’s once illustrious Grand Hôtel Oloffson has been burned down by gangs this past weekend,2025-07-07 17:10:03+00:00,https://abcnews.go.com/Business/wireStory/gangs-haiti-burn-beloved-gothic-gingerbread-hotel-rose-123541937,Gangs in Haiti burn beloved Gothic gingerbread hotel that rose to international fame. Haiti’s once illustrious Grand Hôtel Oloffson has been burned down by gangs this past weekend,0.2324074074074074,Promising
Bringatrailer.com,1923 Dodge Brothers Series 116 Touring at No Reserve,"This 1923 Dodge Brothers Series 116 is a four-door touring model that underwent a cosmetic refurbishment before it was donated to the seller in 2024. The car is finished in blue with black fenders over black pleated upholstery, and power comes from a 212ci in…",2025-07-07 17:10:02+00:00,https://bringatrailer.com/listing/1923-dodge-brothers-4-door-touring/,"1923 Dodge Brothers Series 116 Touring at No Reserve. This 1923 Dodge Brothers Series 116 is a four-door touring model that underwent a cosmetic refurbishment before it was donated to the seller in 2024. The car is finished in blue with black fenders over black pleated upholstery, and power comes from a 212ci in…",-0.1111111111111111,At Risk
9to5Mac,iOS 26 beta 3 now available,iOS 26 beta 3 is now available. Apple released the third prerelease developer build for iPhone ahead of the first public beta version in July.,2025-07-07 17:10:01+00:00,https://9to5mac.com/2025/07/07/ios-26-beta-3/,iOS 26 beta 3 now available. iOS 26 beta 3 is now available. Apple released the third prerelease developer build for iPhone ahead of the first public beta version in July.,0.21000000000000002,Promising
Mediagazer.com,"Independent labels and trade associations urge the EU to probe UMG's $775M acquisition of music services company Downtown, saying it gives UMG too much power (Daniel Thomas/Financial Times)","Daniel Thomas / Financial Times:
Independent labels and trade associations urge the EU to probe UMG's $775M acquisition of music services company Downtown, saying it gives UMG too much power  —  Takeover would put ‘significant chunk of essential infrastructur…",2025-07-07 17:10:01+00:00,https://mediagazer.com/250707/p10,"Independent labels and trade associations urge the EU to probe UMG's $775M acquisition of music services company Downtown, saying it gives UMG too much power (Daniel Thomas/Financial Times). Daniel Thomas / Financial Times:
Independent labels and trade associations urge the EU to probe UMG's $775M acquisition of music services company Downtown, saying it gives UMG too much power  —  Takeover would put ‘significant chunk of essential infrastructur…",0.11071428571428572,Promising
Memeorandum.com,"DOJ, FBI review finds no Jeffrey Epstein 'client list,' confirms suicide: Memo (ABC News)","ABC News:
DOJ, FBI review finds no Jeffrey Epstein ‘client list,’ confirms suicide: Memo  —  No further charges are expected with the investigation into Epstein.  —  Jeffrey Epstein is seen in a photo released by the New York State Division of Criminal Justic…",2025-07-07 17:10:00+00:00,https://www.memeorandum.com/250707/p55,"DOJ, FBI review finds no Jeffrey Epstein 'client list,' confirms suicide: Memo (ABC News). ABC News:
DOJ, FBI review finds no Jeffrey Epstein ‘client list,’ confirms suicide: Memo  —  No further charges are expected with the investigation into Epstein.  —  Jeffrey Epstein is seen in a photo released by the New York State Division of Criminal Justic…",-0.09090909090909091,Neutral
The Planetary Society,Every living NASA science chief unites in opposition to unprecedented budget cuts,The entire past leadership of NASA’s science activities have released a joint statement condemning the proposed 47% cuts proposed to the agency’s science activities in the White House’s fiscal year (FY) 2026 budget proposal.,2025-07-07 17:10:00+00:00,https://www.planetary.org/press-releases/nasa-science-chiefs-letter-press-release,Every living NASA science chief unites in opposition to unprecedented budget cuts. The entire past leadership of NASA’s science activities have released a joint statement condemning the proposed 47% cuts proposed to the agency’s science activities in the White House’s fiscal year (FY) 2026 budget proposal.,0.0875,Neutral
9to5Mac,"macOS Tahoe 26 developer beta 3 now available, here’s what to expect","Two weeks after releasing the second wave of developer betas, Apple has just dropped macOS Tahoe 26 beta 3, alongside updates to its other operating systems.



 more…",2025-07-07 17:09:59+00:00,https://9to5mac.com/2025/07/07/macos-tahoe-26-developer-beta-3-now-available-heres-what-to-expect/,"macOS Tahoe 26 developer beta 3 now available, here’s what to expect. Two weeks after releasing the second wave of developer betas, Apple has just dropped macOS Tahoe 26 beta 3, alongside updates to its other operating systems.



 more…",0.09166666666666667,Neutral
Fox Sports,"2025 MLB All-Star Game: Examining AL, NL Rosters By The Numbers",A total of 65 were named All-Stars this past week. Which team had the most? Who was statistically the biggest snub? Here's a look at the All-Star rosters by the numbers.,2025-07-07 17:09:51+00:00,https://www.foxsports.com/stories/mlb/2025-mlb-all-star-game-examining-al-nl-rosters-numbers,"2025 MLB All-Star Game: Examining AL, NL Rosters By The Numbers. A total of 65 were named All-Stars this past week. Which team had the most? Who was statistically the biggest snub? Here's a look at the All-Star rosters by the numbers.",-0.037500000000000006,Neutral
Commercial Observer,Mechoshade Renews and Consolidates in Sunnyside,"Mechoshade, a developer of commercial window shading systems, renewed its lease for 29,744 square feet at 35-02 Skillman Avenue in Sunnyside, Queens, Commercial Observer has learned. JLL managing directors Paul Mas, Michael Mazzara and Paul Kauffman represent…",2025-07-07 17:09:49+00:00,http://commercialobserver.com/2025/07/mechoshade-sunnyside-queens-office/,"Mechoshade Renews and Consolidates in Sunnyside. Mechoshade, a developer of commercial window shading systems, renewed its lease for 29,744 square feet at 35-02 Skillman Avenue in Sunnyside, Queens, Commercial Observer has learned. JLL managing directors Paul Mas, Michael Mazzara and Paul Kauffman represent…",0.0,Neutral
Sporting News,Anthony Joshua preparing for top 15 opponent next,Promoter Eddie Hearn has revealed that Anthony Joshua is currently preparing to face a top 15 opponent in his next fight this year,2025-07-07 17:09:48+00:00,https://www.sportingnews.com/us/boxing/news/anthony-joshua-top-15-opponent-next/350c8341f614fb72bf221f75,Anthony Joshua preparing for top 15 opponent next. Promoter Eddie Hearn has revealed that Anthony Joshua is currently preparing to face a top 15 opponent in his next fight this year,0.2,Promising
Exystence.net,Dan Weiss – Unclassified Affections (2025),"When he is not keeping company as a sideman with some of the most innovative musicians of 21st century creative jazz — a list which includes folks like pianist Matt Mitchell, saxophonist Jon Irabagon, guitarist Miles Okazaki and bassist Trevor Dunn — drummer …",2025-07-07 17:09:46+00:00,https://exystence.net/blog/2025/07/07/dan-weiss-unclassified-affections-2025/,"Dan Weiss – Unclassified Affections (2025). When he is not keeping company as a sideman with some of the most innovative musicians of 21st century creative jazz — a list which includes folks like pianist Matt Mitchell, saxophonist Jon Irabagon, guitarist Miles Okazaki and bassist Trevor Dunn — drummer …",0.375,Promising
New York Post,Amy Schumer has slashed the price of her Brooklyn townhouse — which had a role in ‘Moonstruck’,"The Brooklyn Heights spread, which its marketing images show is wonderfully decorated, now comes for $1.25 million less.",2025-07-07 17:09:46+00:00,https://nypost.com/2025/07/07/real-estate/amy-schumer-has-slashed-the-price-of-her-brooklyn-townhouse/,"Amy Schumer has slashed the price of her Brooklyn townhouse — which had a role in ‘Moonstruck’. The Brooklyn Heights spread, which its marketing images show is wonderfully decorated, now comes for $1.25 million less.",0.4166666666666667,Promising
KicksOnFire.com,Puma Rs-x Soft Wmns White / Purple,"The Puma RS-X Soft WMNS in White and Purple is a striking addition to Puma’s popular RS-X collection, catering specifically to women who appreciate a blend of retro aesthetics and contemporary comfort. This sneaker features a bold silhouette brought to life w…",2025-07-07 17:09:34+00:00,https://www.kicksonfire.com/puma-rs-x-soft-wmns-white-purple,"Puma Rs-x Soft Wmns White / Purple. The Puma RS-X Soft WMNS in White and Purple is a striking addition to Puma’s popular RS-X collection, catering specifically to women who appreciate a blend of retro aesthetics and contemporary comfort. This sneaker features a bold silhouette brought to life w…",0.22499999999999998,Promising
The Mac Observer,Apple Spends $4 Million to Rescue Key Cupertino Interchange Project,"Apple has stepped in with a $4 million contribution to keep a major Cupertino transportation project alive. The city had exhausted all available state and federal grants. As a result, it was on the verge of canceling the $124 million overhaul of the Interstat…",2025-07-07 17:09:30+00:00,https://www.macobserver.com/news/apple-spends-4-million-to-rescue-key-cupertino-interchange-project/,"Apple Spends $4 Million to Rescue Key Cupertino Interchange Project. Apple has stepped in with a $4 million contribution to keep a major Cupertino transportation project alive. The city had exhausted all available state and federal grants. As a result, it was on the verge of canceling the $124 million overhaul of the Interstat…",0.0325,Neutral
Phys.Org,"Scientists use argon plasma to precisely position metal atoms, eliminating waste of precious metals","Researchers have demonstrated that by using argon plasma, metal atoms can be dispersed and guided to desired positions. This new strategy ensures that not a single atom goes to waste and maximizes the use of rare and precious metals.",2025-07-07 17:09:25+00:00,https://phys.org/news/2025-07-scientists-argon-plasma-precisely-position.html,"Scientists use argon plasma to precisely position metal atoms, eliminating waste of precious metals. Researchers have demonstrated that by using argon plasma, metal atoms can be dispersed and guided to desired positions. This new strategy ensures that not a single atom goes to waste and maximizes the use of rare and precious metals.",0.18400974025974026,Promising
Yahoo Entertainment,"Dick Vitale gives encouraging health update, says his vocal chords are still cancer-free after latest exam",Dick Vitale said his vocal cords are once again cancer-free.,2025-07-07 17:09:20+00:00,https://sports.yahoo.com/article/dick-vitale-gives-encouraging-health-update-says-his-vocal-chords-are-still-cancer-free-after-latest-exam-170920500.html,"Dick Vitale gives encouraging health update, says his vocal chords are still cancer-free after latest exam. Dick Vitale said his vocal cords are once again cancer-free.",0.5,Promising
9to5Mac,iPadOS 26 beta 3 now available ahead of public beta launch,"Apple has just released iPadOS 26 beta 3 for developers. Today’s release brings the latest changes to the iPad’s big new OS update ahead of the expected public beta soon.



 more…",2025-07-07 17:09:19+00:00,https://9to5mac.com/2025/07/07/ipados-26-beta-3-now-available-ahead-of-public-beta-launch/,"iPadOS 26 beta 3 now available ahead of public beta launch. Apple has just released iPadOS 26 beta 3 for developers. Today’s release brings the latest changes to the iPad’s big new OS update ahead of the expected public beta soon.



 more…",0.13376623376623378,Promising
Yahoo Entertainment,Amotio secures £810k to advance orthopaedic revision surgery,,2025-07-07 17:09:16+00:00,https://consent.yahoo.com/v2/collectConsent?sessionId=1_cc-session_16fb00e2-cf81-40a2-92ed-9d5e85364506,Amotio secures £810k to advance orthopaedic revision surgery. ,0.0,Neutral
Yahoo Entertainment,The Tennessee Vols football program has two names on an embarrassing top 25 list,Not the list you want to be on,2025-07-07 17:09:16+00:00,https://consent.yahoo.com/v2/collectConsent?sessionId=1_cc-session_89068d36-0a5d-4b7d-adfa-2b9af02e1996,The Tennessee Vols football program has two names on an embarrassing top 25 list. Not the list you want to be on,0.5,Promising
Unity.com,Tank Sound FX by cplomedia,"Tanks Sound FX delivers a powerful collection of 655 high-quality sound effects, perfect for bringing your game’s battlefield to life.Number of Audio Wavs: 655Sample Rate / Bit Rate: 48 kHz / 24 bitDoes Audio Loop: Yes - many files loopMinutes of Audio Provid…",2025-07-07 17:09:14+00:00,https://assetstore.unity.com/packages/audio/sound-fx/weapons/tank-sound-fx-324148,"Tank Sound FX by cplomedia. Tanks Sound FX delivers a powerful collection of 655 high-quality sound effects, perfect for bringing your game’s battlefield to life.Number of Audio Wavs: 655Sample Rate / Bit Rate: 48 kHz / 24 bitDoes Audio Loop: Yes - many files loopMinutes of Audio Provid…",0.37142857142857144,Promising
ComicBook.com,Nintendo Switch Online Leak May Have Revealed the Return of Five Classic Games,"Over the years, the Nintendo Classics apps have given users access to a number of beloved games spanning several older platforms. Last week, Nintendo Switch Online’s GameCube app added Super Mario Strikers, but it seems some clever fans may have deduced sever…",2025-07-07 17:09:06+00:00,http://comicbook.com/gaming/news/nintendo-switch-online-nso-leak-classic-n64-games/,"Nintendo Switch Online Leak May Have Revealed the Return of Five Classic Games. Over the years, the Nintendo Classics apps have given users access to a number of beloved games spanning several older platforms. Last week, Nintendo Switch Online’s GameCube app added Super Mario Strikers, but it seems some clever fans may have deduced sever…",0.21904761904761902,Promising
The Daily Caller,‘American Hero’: Rookie Coast Guard Rescue Swimmer Saves 165 Lives in Texas Floods,"Petty Officer Scott Ruskin, a U.S. Coast Guard rescue swimmer, is being hailed as an ""American hero"" after saving 165 people during the deadly Texas floods.",2025-07-07 17:09:05+00:00,https://dailycaller.com/2025/07/07/coast-guard-rescue-swimmer-saves-165-lives-texas-floods/,"‘American Hero’: Rookie Coast Guard Rescue Swimmer Saves 165 Lives in Texas Floods. Petty Officer Scott Ruskin, a U.S. Coast Guard rescue swimmer, is being hailed as an ""American hero"" after saving 165 people during the deadly Texas floods.",-0.06666666666666667,Neutral
Juszkiewicz.com.pl,"Marcin Juszkiewicz: Arm desktop: 2025 attempt, part one","Not great, not terrible.",2025-07-07 17:09:00+00:00,https://marcin.juszkiewicz.com.pl/2025/07/07/arm-desktop-2025-attempt-part-one/,"Marcin Juszkiewicz: Arm desktop: 2025 attempt, part one. Not great, not terrible.",0.04999999999999999,Neutral
KicksOnFire.com,Puma Rs-x Soft Wmns White / Green,"The Puma RS-X Soft WMNS White / Green is a stylish iteration of Puma’s celebrated RS-X series, specifically tailored for women. Featuring a predominantly white upper, the sneaker is crafted with a blend of breathable mesh and durable synthetic overlays, ensur…",2025-07-07 17:09:00+00:00,https://www.kicksonfire.com/puma-rs-x-soft-wmns-white-green,"Puma Rs-x Soft Wmns White / Green. The Puma RS-X Soft WMNS White / Green is a stylish iteration of Puma’s celebrated RS-X series, specifically tailored for women. Featuring a predominantly white upper, the sneaker is crafted with a blend of breathable mesh and durable synthetic overlays, ensur…",0.06499999999999999,Neutral
MacRumors,Apple Seeds Third watchOS 26 and visionOS 26 Developer Betas,"Apple today provided developers with the third betas of watchOS 26 and visionOS 26 for testing purposes, with the betas coming two weeks after the second betas were released.





The software updates can be downloaded through the Settings app on each device.…",2025-07-07 17:09:00+00:00,https://www.macrumors.com/2025/07/07/apple-seeds-watchos-26-beta-3/,"Apple Seeds Third watchOS 26 and visionOS 26 Developer Betas. Apple today provided developers with the third betas of watchOS 26 and visionOS 26 for testing purposes, with the betas coming two weeks after the second betas were released.





The software updates can be downloaded through the Settings app on each device.…",0.0,Neutral
Slickdeals.net,"Fruit of the Loom Men's Broadcloth Woven Pajama Pants (Blue Stripe, Select Sizes) $5.95","Amazon [amazon.com] has *Fruit of the Loom Men's Broadcloth Woven Sleep Pajama Pant (Blue Stripe, Various Sizes)* for *$7.19*. Shipping is free w/ Prime or on $35+. 
 
Available Sizes: 
* Small 
*...",2025-07-07 17:09:00+00:00,https://slickdeals.net/f/18424807-fruit-of-the-loom-men-s-broadcloth-woven-pajama-pants-blue-stripe-select-sizes-5-95,"Fruit of the Loom Men's Broadcloth Woven Pajama Pants (Blue Stripe, Select Sizes) $5.95. Amazon [amazon.com] has *Fruit of the Loom Men's Broadcloth Woven Sleep Pajama Pant (Blue Stripe, Various Sizes)* for *$7.19*. Shipping is free w/ Prime or on $35+. 
 
Available Sizes: 
* Small 
*...",0.09166666666666667,Neutral
ComicBook.com,McFarlane Toys DC Digital Wave 5 Figure Pre-Orders Drop This Week,"Wave 5 of the McFarlane Toys DC Direct Digital lineup will include 7-inch scale figures of Nightwing (Teen Titans), Monarch (DC Countdown), Batman (No Man’s Land), and Batgirl (Stephanie Brown). Each figure will include a McFarlane Toys Digital Collectible al…",2025-07-07 17:08:50+00:00,http://comicbook.com/dc/news/mcfarlane-toys-dc-digital-wave-5-figure-pre-orders-drop-this-week/,"McFarlane Toys DC Digital Wave 5 Figure Pre-Orders Drop This Week. Wave 5 of the McFarlane Toys DC Direct Digital lineup will include 7-inch scale figures of Nightwing (Teen Titans), Monarch (DC Countdown), Batman (No Man’s Land), and Batgirl (Stephanie Brown). Each figure will include a McFarlane Toys Digital Collectible al…",-0.06666666666666667,Neutral
Sporting News,College insider says Bill Belichick's defensive acumen will take time at college level,"Bill Belichick is one of football's greatest defensive masterminds. He has long had some of the best defenses in the NFL despite being known best for his pairing with Tom Brady. In college, one might expect that defensive intelligence to translate. It probabl…",2025-07-07 17:08:47+00:00,https://www.sportingnews.com/us/ncaa-football/news/college-insider-bill-belichick-defensive-acumen-take-time-college/e22ec07cd88ab7313b916759,"College insider says Bill Belichick's defensive acumen will take time at college level. Bill Belichick is one of football's greatest defensive masterminds. He has long had some of the best defenses in the NFL despite being known best for his pairing with Tom Brady. In college, one might expect that defensive intelligence to translate. It probabl…",0.7375,Promising
Newsweek,Patrick Mahomes Doesn't Hesitate to Name Greatest Pass-Rusher He's Ever Faced,Patrick Mahomes recently gave a shoutout to one AFC West rival,2025-07-07 17:08:32+00:00,https://www.newsweek.com/sports/nfl/patrick-mahomes-doesnt-hesitate-name-greatest-pass-rusher-hes-ever-faced-2095586,Patrick Mahomes Doesn't Hesitate to Name Greatest Pass-Rusher He's Ever Faced. Patrick Mahomes recently gave a shoutout to one AFC West rival,0.5,Promising
Universe Today,"When Theia Struck Earth, it Helped Set the Stage for Life to Appear","Earth life is carbon-based, and without carbon, there would be no life. New research shows how Earth got its carbon from impactors, including a boost from Theia, the impactor that created the Moon. Jupiter also pitched in to help.",2025-07-07 17:08:25+00:00,https://www.universetoday.com/articles/when-theia-struck-earth-it-helped-set-the-stage-for-life-to-appear,"When Theia Struck Earth, it Helped Set the Stage for Life to Appear. Earth life is carbon-based, and without carbon, there would be no life. New research shows how Earth got its carbon from impactors, including a boost from Theia, the impactor that created the Moon. Jupiter also pitched in to help.",0.13636363636363635,Promising
KicksOnFire.com,Puma Caven 2.0 White / Vapor Gray,"The Puma Caven 2.0 White / Vapor Gray sneakers blend classic court-inspired style with modern comfort, making them a versatile choice for everyday wear. The upper features a crisp white synthetic leather base accented with subtle vapor gray details, creating …",2025-07-07 17:08:22+00:00,https://www.kicksonfire.com/puma-caven-2-0-white-vapor-gray,"Puma Caven 2.0 White / Vapor Gray. The Puma Caven 2.0 White / Vapor Gray sneakers blend classic court-inspired style with modern comfort, making them a versatile choice for everyday wear. The upper features a crisp white synthetic leather base accented with subtle vapor gray details, creating …",-0.07166666666666667,Neutral
allears.net,REVIEW: We Tried the NEWEST DOLE Whip Treat in Disney World!,"We are trying out a NEW DOLE Whip Sampler at Swirls on the Water at Disney Springs!
The post REVIEW: We Tried the NEWEST DOLE Whip Treat in Disney World! appeared first on AllEars.Net.",2025-07-07 17:08:21+00:00,https://allears.net/2025/07/07/review-we-tried-the-newest-dole-whip-treat-in-disney-world/,"REVIEW: We Tried the NEWEST DOLE Whip Treat in Disney World!. We are trying out a NEW DOLE Whip Sampler at Swirls on the Water at Disney Springs!
The post REVIEW: We Tried the NEWEST DOLE Whip Treat in Disney World! appeared first on AllEars.Net.",0.23153409090909088,Promising
fox6now.com,"Brookfield Ulta Beauty theft, $900 worth of fragrances stolen",Police are looking for a suspect who they say stole several hundred dollars worth of fragrance from the Ulta Beauty store in Brookfield.,2025-07-07 17:08:14+00:00,https://www.fox6now.com/news/brookfield-ulta-beauty-theft-900-worth-fragrance-stolen,"Brookfield Ulta Beauty theft, $900 worth of fragrances stolen. Police are looking for a suspect who they say stole several hundred dollars worth of fragrance from the Ulta Beauty store in Brookfield.",0.19999999999999998,Promising
Variety,Iranian Director Soheil Beiraghi on Controversial ‘Bidad’: ‘It’s Not My Problem What the Islamic Republic Will Do to Me When I’m Back. It’s Theirs’,"Iranian director Soheil Beiraghi is coming to Karlovy Vary Film Festival to present the independently made drama “Bidad.” But he won’t be joined by his cast and crew.  “They decided not to come. I respect their decision, but I need to stand by my work. I need…",2025-07-07 17:08:06+00:00,https://variety.com/2025/film/global/iran-soheil-beiraghi-bidad-1236448476/,"Iranian Director Soheil Beiraghi on Controversial ‘Bidad’: ‘It’s Not My Problem What the Islamic Republic Will Do to Me When I’m Back. It’s Theirs’. Iranian director Soheil Beiraghi is coming to Karlovy Vary Film Festival to present the independently made drama “Bidad.” But he won’t be joined by his cast and crew.  “They decided not to come. I respect their decision, but I need to stand by my work. I need…",0.1375,Promising
CNET,This 2-in-1 Laptop Is a Dream for Creatives and Prime Day Has It Slashed by Up to $450,"The LG Gram Pro laptop gets top ratings from PC lovers, and you can nab it for several hundred dollars off right now.",2025-07-07 17:08:00+00:00,https://www.cnet.com/deals/this-2-in-1-laptop-is-a-dream-for-creatives-and-prime-day-has-it-slashed-by-up-to-450/,"This 2-in-1 Laptop Is a Dream for Creatives and Prime Day Has It Slashed by Up to $450. The LG Gram Pro laptop gets top ratings from PC lovers, and you can nab it for several hundred dollars off right now.",0.2619047619047619,Promising
The Times of India,"DPIIT reviews 22 issues affecting infra projects worth Rs 36,296 cr in Guj, Raj","The Department for Promotion of Industry and Internal Trade addressed concerns impacting infrastructure projects. These projects, located in Gujarat and Rajasthan, are valued at Rs 36,296 crore. A key discussion involved the Transmission System Strengthening …",2025-07-07 17:07:59+00:00,https://economictimes.indiatimes.com/news/economy/infrastructure/dpiit-reviews-22-issues-affecting-infra-projects-worth-rs-36296-cr-in-guj-raj/articleshow/122303573.cms,"DPIIT reviews 22 issues affecting infra projects worth Rs 36,296 cr in Guj, Raj. The Department for Promotion of Industry and Internal Trade addressed concerns impacting infrastructure projects. These projects, located in Gujarat and Rajasthan, are valued at Rs 36,296 crore. A key discussion involved the Transmission System Strengthening …",0.09999999999999999,Neutral
KicksOnFire.com,Puma Smash 3.0 Navy / White,"The Puma Smash 3.0 Navy / White is a classic sneaker that offers a fresh take on Puma’s timeless court-inspired design. Featuring a sleek navy blue synthetic leather upper with crisp white Puma branding, this shoe embodies both sophistication and sporty style…",2025-07-07 17:07:47+00:00,https://www.kicksonfire.com/puma-smash-3-0-navy-white,"Puma Smash 3.0 Navy / White. The Puma Smash 3.0 Navy / White is a classic sneaker that offers a fresh take on Puma’s timeless court-inspired design. Featuring a sleek navy blue synthetic leather upper with crisp white Puma branding, this shoe embodies both sophistication and sporty style…",0.09074074074074073,Neutral
Gbdmagazine.com,How a High-Spec Envelope System Protects a Next-Gen Public Health Laboratory,"Story at a glance: GCP and CertainTeed are delivering a seamless building envelope system, providing environmental protection for a health lab in New England. The building envelope will play a critical role in the future LEED Silver building, as it will prote…",2025-07-07 17:07:42+00:00,https://gbdmagazine.com/high-spec-envelope-system/,"How a High-Spec Envelope System Protects a Next-Gen Public Health Laboratory. Story at a glance: GCP and CertainTeed are delivering a seamless building envelope system, providing environmental protection for a health lab in New England. The building envelope will play a critical role in the future LEED Silver building, as it will prote…",0.04727272727272727,Neutral
Yahoo Entertainment,Palestinian news agency says Israel arrested editor-in-chief,A Palestinian news agency on Monday said its editor-in-chief was arrested by the Israeli military in the West Bank. The Maan agency said Israeli authorities ...,2025-07-07 17:07:35+00:00,https://www.yahoo.com/news/palestinian-news-agency-says-israel-170735487.html,Palestinian news agency says Israel arrested editor-in-chief. A Palestinian news agency on Monday said its editor-in-chief was arrested by the Israeli military in the West Bank. The Maan agency said Israeli authorities ...,-0.1,Neutral
IndieWire,‘Together’ New Trailer: Dave Franco and Alison Brie’s IRL Love Story Turns Disturbing,Dave Franco and Alison Brie's IRL love story gets a disturbing twist in the new 'Together' trailer.,2025-07-07 17:07:33+00:00,https://www.indiewire.com/news/trailers/together-new-trailer-dave-franco-alison-brie-2-1235137120/,‘Together’ New Trailer: Dave Franco and Alison Brie’s IRL Love Story Turns Disturbing. Dave Franco and Alison Brie's IRL love story gets a disturbing twist in the new 'Together' trailer.,0.04545454545454545,Neutral
Sporting News,Nuggets’ Nikola Jokic gets $206 million contract update despite being worth ‘double this’,What is Denver's center going to do?,2025-07-07 17:07:33+00:00,https://www.sportingnews.com/us/nba/denver-nuggets/news/nuggets-nikola-jokic-206-million-contract-update-worth-double/d0e6814ff9192fcd18c0f8c6,Nuggets’ Nikola Jokic gets $206 million contract update despite being worth ‘double this’. What is Denver's center going to do?,0.06666666666666667,Neutral
Yahoo Entertainment,Brazil's Lula says international forest fund to be launched at COP30,Brazil plans to launch an international fund to finance the protection of tropical forests at the next UN Climate Change Conference later this year...,2025-07-07 17:07:31+00:00,https://www.yahoo.com/news/brazils-lula-says-international-forest-170731224.html,Brazil's Lula says international forest fund to be launched at COP30. Brazil plans to launch an international fund to finance the protection of tropical forests at the next UN Climate Change Conference later this year...,0.0,Neutral
KicksOnFire.com,Puma Smash 3.0 Red / Beige,"The Puma Smash 3.0 Red / Beige is a stylish and versatile sneaker that draws inspiration from classic tennis shoe silhouettes. Its vibrant red suede upper immediately catches the eye, while the beige Puma formstrip and detailing add a touch of understated ele…",2025-07-07 17:07:21+00:00,https://www.kicksonfire.com/puma-smash-3-0-red-beige,"Puma Smash 3.0 Red / Beige. The Puma Smash 3.0 Red / Beige is a stylish and versatile sneaker that draws inspiration from classic tennis shoe silhouettes. Its vibrant red suede upper immediately catches the eye, while the beige Puma formstrip and detailing add a touch of understated ele…",0.11904761904761904,Promising
XDA Developers,Beat the Prime Day rush and get into handheld gaming with $200 off the Asus ROG Ally,Hop into the handheld hype without breaking the bank.,2025-07-07 17:07:20+00:00,https://www.xda-developers.com/200-off-asus-rog-ally-discount-july-2025/,Beat the Prime Day rush and get into handheld gaming with $200 off the Asus ROG Ally. Hop into the handheld hype without breaking the bank.,0.0,Neutral
Israelnationalnews.com,Chief of Staff in Khan Yunis: 'Gideon's Chariots has brought the greatest success in Gaza',"Chief of Staff Lieutenant General Eyal Zamir conducted a field visit and operational assessment on Monday in central Khan Yunis, at the heart of the ongoing Operation Gideon’s Chariots.",2025-07-07 17:07:19+00:00,https://www.israelnationalnews.com/news/411282,"Chief of Staff in Khan Yunis: 'Gideon's Chariots has brought the greatest success in Gaza'. Chief of Staff Lieutenant General Eyal Zamir conducted a field visit and operational assessment on Monday in central Khan Yunis, at the heart of the ongoing Operation Gideon’s Chariots.",0.3375,Promising
Tom's Hardware UK,"Get a discounted RTX 50-series laptop in Best Buy's answer to Prime Day — save up to $800 on models from Alienware, Asus, and HP","I've found four great gaming laptops at Best Buy, which is having a much better sale than Amazon during Prime Day week.",2025-07-07 17:07:17+00:00,https://www.tomshardware.com/laptops/gaming-laptops/get-a-discounted-rtx-50-series-laptop-in-best-buys-answer-to-prime-day-save-up-to-usd800-on-models-from-alienware-asus-and-hp,"Get a discounted RTX 50-series laptop in Best Buy's answer to Prime Day — save up to $800 on models from Alienware, Asus, and HP. I've found four great gaming laptops at Best Buy, which is having a much better sale than Amazon during Prime Day week.",0.825,Promising
Milwaukee Journal Sentinel,"Pat Connaughton's partner, Ryan Gareis, posts heartfelt tribute to him after '7 unforgettable years with the Bucks'","Professional soccer player Ryan Gareis wrote a heartfelt tribute to her teammate in life, Pat Connaughton, on Instagram over the weekend.",2025-07-07 17:07:15+00:00,https://www.jsonline.com/story/sports/nba/bucks/2025/07/07/pat-connaughton-partner-ryan-gareis-tribute-bucks/84491556007/,"Pat Connaughton's partner, Ryan Gareis, posts heartfelt tribute to him after '7 unforgettable years with the Bucks'. Professional soccer player Ryan Gareis wrote a heartfelt tribute to her teammate in life, Pat Connaughton, on Instagram over the weekend.",0.225,Promising
